telephone_number,organization,phone type
505-129-9133,Klein Inc,phone  
184-187-3092,Klein Inc,fax
287-847-8047,Klein Inc,fax
547-255-1919,"Rowe, Crist and Beier",phone
435-888-1044,"Rowe, Crist and Beier",fax
827-228-6272,Robel-Hand,phone  
759-611-4895,Wilkinson-Maggio,phone  
255-939-1250,"Brown, Rempel and Auer",phone  
111-597-0945,Doyle Inc,phone  
582-283-9524,Mills Inc,phone  
377-240-8012,Mueller-Gerhold,phone  
718-412-4147,Parisian-Mann,phone  
449-146-4883,Legros-Gerhold,phone  
655-778-3828,Aufderhar Inc,phone  
889-230-8760,"Hammes, Friesen and Vandervort",phone  
494-208-5178,"Ortiz, Dietrich and Blanda",phone  
810-617-0548,Cummerata-Bahringer,phone  
137-297-8358,Morar-Streich,phone  
532-352-7247,"Mayert, Schoen and Cremin",phone  
102-920-7838,Lesch-Kertzmann,phone  
268-639-3846,"Bergstrom, Schoen and Feest",phone  
188-565-8905,Deckow and Sons,phone  
758-289-5141,Walker and Sons,phone  
291-349-1210,Marquardt-McGlynn,phone  
790-603-7594,Connelly LLC,phone  
224-268-9409,Johnston-Lemke,phone  
176-872-9737,O'Kon LLC,phone  
268-590-6653,Jones-Berge,phone  
800-640-8949,"Durgan, Homenick and Rowe",phone  
749-458-2320,Wilkinson-Maggio,phone  
652-502-9908,"Brown, Rempel and Auer",phone  
384-366-3931,Doyle Inc,phone  
254-978-9426,Mills Inc,phone  
372-947-9947,Mueller-Gerhold,phone  
552-423-5020,Parisian-Mann,phone  
379-185-1737,Legros-Gerhold,phone  
939-471-8099,Aufderhar Inc,phone  
212-674-8678,"Hammes, Friesen and Vandervort",phone  
553-682-7729,"Ortiz, Dietrich and Blanda",phone  
759-659-9319,Cummerata-Bahringer,phone  
289-879-6848,Morar-Streich,phone  
275-933-9840,"Mayert, Schoen and Cremin",phone  
686-319-8678,Lesch-Kertzmann,phone  
572-591-7996,Robel-Hand,phone  
118-623-8748,Wilkinson-Maggio,fax
444-971-9246,"Brown, Rempel and Auer",fax
864-880-5000,Doyle Inc,fax
464-462-3623,Mills Inc,fax
948-525-5113,Mueller-Gerhold,fax
692-448-6753,Parisian-Mann,fax
344-297-9153,Legros-Gerhold,fax
660-770-9306,Aufderhar Inc,fax
214-346-6211,"Hammes, Friesen and Vandervort",fax
555-896-2958,"Ortiz, Dietrich and Blanda",fax
186-742-8649,Cummerata-Bahringer,fax
735-922-9767,Morar-Streich,fax
877-639-9703,"Mayert, Schoen and Cremin",fax
665-758-6346,Lesch-Kertzmann,fax
547-239-0402,"Bergstrom, Schoen and Feest",fax
224-266-9863,Deckow and Sons,fax
867-886-0141,Walker and Sons,fax
302-490-9982,Marquardt-McGlynn,fax
305-182-1355,Connelly LLC,fax
344-638-8689,Johnston-Lemke,fax
243-865-7093,O'Kon LLC,fax
194-598-6585,Jones-Berge,fax
942-920-6646,"Durgan, Homenick and Rowe",fax
281-934-8852,Wilkinson-Maggio,fax
253-473-6021,"Brown, Rempel and Auer",fax
341-439-7776,Doyle Inc,fax
476-223-3679,Mills Inc,fax
748-408-4678,Mueller-Gerhold,fax
493-752-5552,Parisian-Mann,fax
953-876-3409,Legros-Gerhold,fax
654-396-3996,Aufderhar Inc,fax
347-252-4820,"Hammes, Friesen and Vandervort",fax
684-708-3846,"Ortiz, Dietrich and Blanda",fax
740-219-2732,Cummerata-Bahringer,fax
381-331-1025,Morar-Streich,fax
890-453-4689,"Mayert, Schoen and Cremin",fax
560-185-5192,Lesch-Kertzmann,fax
468-427-4633,Wilkinson-Maggio,phone  
832-449-3538,"Brown, Rempel and Auer",phone  
376-121-9158,Doyle Inc,phone  
140-236-5554,Mills Inc,phone  
711-387-9632,Mueller-Gerhold,phone  
970-340-0254,Parisian-Mann,phone  
525-265-9022,Legros-Gerhold,phone  
629-780-9964,Aufderhar Inc,fax
349-584-8171,"Hammes, Friesen and Vandervort",fax
744-440-2713,"Ortiz, Dietrich and Blanda",fax
731-959-7865,Cummerata-Bahringer,fax
643-370-0093,Morar-Streich,fax
458-310-0832,"Mayert, Schoen and Cremin",fax
456-596-7014,Lesch-Kertzmann,fax
604-819-2791,"Bergstrom, Schoen and Feest",fax
317-795-6023,Deckow and Sons,fax
736-980-4621,Walker and Sons,fax
718-795-4927,Marquardt-McGlynn,fax
702-945-1700,"Brown, Rempel and Auer",fax